{
    "Name": "Rbac Azure",
    "Id": "f7634f5b-7388-4537-a83a-40e52b53a979",
    "IsCustom": true,
    "Description": "Can create and manage IOT Hub",
    "Actions": [
        "Microsoft.Authorization/locks/*",
        "Microsoft.Devices/IotHubs/*",
        "Microsoft.Devices/operations/Read",
        "Microsoft.Devices/provisioningServices/*",
        "Microsoft.Devices/register/action",
        "Microsoft.Devices/usages/read",
        "Microsoft.Devices/checkNameAvailability/Action",
        "Microsoft.Devices/elasticPools/*",
        "Microsoft.Devices/checkProvisioningServiceNameAvailability/Action",
        "Microsoft.Authorization/roleDefinitions/write",
        "Microsoft.Resources/deployments/*",
        "Microsoft.Authorization/*/read",
        "Microsoft.Resources/subscriptions/resourcegroups/read",
        "Microsoft.Resources/subscriptions/resourcegroups/deployments/write"
    ],
    "NotActions": [],
    "AssignableScopes": [
        "/subscriptions/ecd40cc5-2666-42cd-a83b-de8bec527b70"
    ]
}