{"Modules":[{"Source":"./modules/aws_modules/unique_id","Key":"1.unique_id;./modules/aws_modules/unique_id","Version":"","Dir":".terraform\\modules\\bd7c3b2c9dff8ccf6e888c8de12c9c0b","Root":""},{"Source":"./modules/aws_modules/vpc","Key":"1.vpc;./modules/aws_modules/vpc","Version":"","Dir":".terraform\\modules\\dc0ae0a7c1f886a434904ac9159ae4d4","Root":""},{"Source":"./modules/aws_modules/subnets","Key":"1.subnets;./modules/aws_modules/subnets","Version":"","Dir":".terraform\\modules\\0f73600fb1af8a05463522fffd3b536a","Root":""},{"Source":"./modules/aws_modules/internet_gateway","Key":"1.internet_gateway;./modules/aws_modules/internet_gateway","Version":"","Dir":".terraform\\modules\\cb28ffd1fc9a310bd09d4832bbee4abe","Root":""},{"Source":"./modules/aws_modules/route_table","Key":"1.route_table;./modules/aws_modules/route_table","Version":"","Dir":".terraform\\modules\\299b0e967cb9adf6ee5b6e600497051b","Root":""},{"Source":"./modules/aws_modules/keypairs","Key":"1.keypairs;./modules/aws_modules/keypairs","Version":"","Dir":".terraform\\modules\\b816e49d924876f0d1b8b8b0dac3154d","Root":""},{"Source":"./modules/aws_modules/security_group","Key":"1.instance_securitygroup;./modules/aws_modules/security_group","Version":"","Dir":".terraform\\modules\\bcee298476b8c5257f9af6b2f2554d67","Root":""},{"Source":"./modules/aws_modules/network_interface","Key":"1.IISWebServerInstance1_network_interface;./modules/aws_modules/network_interface","Version":"","Dir":".terraform\\modules\\8e5ea58be8fc25c0069495892397b635","Root":""},{"Source":"./modules/aws_modules/instance","Key":"1.IISWebServerInstance1;./modules/aws_modules/instance","Version":"","Dir":".terraform\\modules\\bd13c2bb8f9d091fe0311061df87acd1","Root":""},{"Source":"./modules/aws_modules/network_interface","Key":"1.SQLDBServerInstance2_network_interface;./modules/aws_modules/network_interface","Version":"","Dir":".terraform\\modules\\b16317bdb4b74b343b90c9521f6aa1ab","Root":""},{"Source":"./modules/aws_modules/instance","Key":"1.SQLDBServerInstance2;./modules/aws_modules/instance","Version":"","Dir":".terraform\\modules\\b56ccc4fb3bf6ba096ccd55e2e37831a","Root":""},{"Source":"./modules/aws_modules/network_interface","Key":"1.ASRServerInstance_network_interface;./modules/aws_modules/network_interface","Version":"","Dir":".terraform\\modules\\93ffefdad67f8e612edde535abe20c05","Root":""},{"Source":"./modules/aws_modules/instance","Key":"1.ASRServerInstance;./modules/aws_modules/instance","Version":"","Dir":".terraform\\modules\\f3e2e9420a8bc4c52c7d2448129d2928","Root":""},{"Source":"./modules/azure_modules/subnet","Key":"1.default_subnet1;./modules/azure_modules/subnet","Version":"","Dir":".terraform\\modules\\9bb8597e8561b37a3d6e1fea03a79868","Root":""},{"Source":"./modules/azure_modules/subnet","Key":"1.default_subnet2;./modules/azure_modules/subnet","Version":"","Dir":".terraform\\modules\\69c99d98582579b1dd82007b33b57869","Root":""},{"Source":"./modules/azure_modules/storage_account","Key":"1.storage_acct;./modules/azure_modules/storage_account","Version":"","Dir":".terraform\\modules\\1eba3f760b1596966acb1c9dd26746a0","Root":""}]}